-- Sample data for Instagram clone application


-- Feeds
INSERT INTO feeds (feed_id, writer_id, content, status, created_at, updated_at) VALUES
(101, 1, 'Beautiful sunset at the beach! 🌅', 'ACTIVE', '2024-01-01 15:00:00', '2024-01-01 15:00:00'),
(102, 2, 'Amazing trip to Paris. The Eiffel Tower is stunning! 🗼', 'ACTIVE', '2024-01-01 16:00:00', '2024-01-01 16:00:00'),
(103, 3, 'Just tried this incredible pasta dish 🍝', 'ACTIVE', '2024-01-01 17:00:00', '2024-01-01 17:00:00'),
(104, 4, 'Working on my latest painting 🎨', 'ACTIVE', '2024-01-01 18:00:00', '2024-01-01 18:00:00'),
(105, 5, 'New coding project is coming along well! 👨‍💻', 'ACTIVE', '2024-01-01 19:00:00', '2024-01-01 19:00:00'),
(106, 1, 'Morning coffee and coding ☕', 'ACTIVE', '2024-01-02 09:00:00', '2024-01-02 09:00:00'),
(107, 2, 'Exploring the streets of Rome 🏛️', 'ACTIVE', '2024-01-02 10:00:00', '2024-01-02 10:00:00'),
(108, 3, 'Homemade pizza night! 🍕', 'ACTIVE', '2024-01-02 11:00:00', '2024-01-02 11:00:00');

-- Feed Images
INSERT INTO feed_images (image_id, feed_id, image_url) VALUES
(201, 101, 'https://example.com/images/sunset1.jpg'),
(202, 101, 'https://example.com/images/sunset2.jpg'),
(203, 102, 'https://example.com/images/paris1.jpg'),
(204, 103, 'https://example.com/images/pasta1.jpg'),
(205, 104, 'https://example.com/images/painting1.jpg'),
(206, 105, 'https://example.com/images/code1.jpg'),
(207, 106, 'https://example.com/images/coffee1.jpg'),
(208, 107, 'https://example.com/images/rome1.jpg'),
(209, 108, 'https://example.com/images/pizza1.jpg');

-- Subscriptions (Follow relationships)
INSERT INTO subscriptions (subscription_id, follower_id, followee_id, follow_status, start_at, created_at, updated_at) VALUES
(301, 1, 2, 'FOLLOWING', '2024-01-01 15:30:00', '2024-01-01 15:30:00', '2024-01-01 15:30:00'),
(302, 1, 3, 'FOLLOWING', '2024-01-01 15:31:00', '2024-01-01 15:31:00', '2024-01-01 15:31:00'),
(303, 1, 4, 'FOLLOWING', '2024-01-01 15:32:00', '2024-01-01 15:32:00', '2024-01-01 15:32:00'),
(304, 2, 1, 'FOLLOWING', '2024-01-01 16:30:00', '2024-01-01 16:30:00', '2024-01-01 16:30:00'),
(305, 2, 3, 'FOLLOWING', '2024-01-01 16:31:00', '2024-01-01 16:31:00', '2024-01-01 16:31:00'),
(306, 3, 1, 'FOLLOWING', '2024-01-01 17:30:00', '2024-01-01 17:30:00', '2024-01-01 17:30:00'),
(307, 3, 2, 'FOLLOWING', '2024-01-01 17:31:00', '2024-01-01 17:31:00', '2024-01-01 17:31:00'),
(308, 4, 1, 'FOLLOWING', '2024-01-01 18:30:00', '2024-01-01 18:30:00', '2024-01-01 18:30:00'),
(309, 5, 1, 'FOLLOWING', '2024-01-01 19:30:00', '2024-01-01 19:30:00', '2024-01-01 19:30:00'),
(310, 5, 2, 'FOLLOWING', '2024-01-01 19:31:00', '2024-01-01 19:31:00', '2024-01-01 19:31:00');

-- Comments
INSERT INTO comment (comment_id, feed_id, writer_id, content, status, path, created_at, updated_at) VALUES
(401, 101, 2, 'Beautiful photo! 😍', 0, '00000', '2024-01-01 15:30:00', '2024-01-01 15:30:00'),
(402, 101, 3, 'Love this sunset!', 0, '00001', '2024-01-01 15:45:00', '2024-01-01 15:45:00'),
(403, 101, 4, 'Thank you!', 0, '0000000000', '2024-01-01 16:00:00', '2024-01-01 16:00:00'),
(404, 102, 1, 'Paris looks amazing!', 0, '00000', '2024-01-01 16:30:00', '2024-01-01 16:30:00'),
(405, 102, 3, 'I want to visit there too!', 0, '00001', '2024-01-01 16:45:00', '2024-01-01 16:45:00'),
(406, 103, 1, 'That pasta looks delicious!', 0, '00000', '2024-01-01 17:30:00', '2024-01-01 17:30:00'),
(407, 104, 2, 'Your art is incredible!', 0, '00000', '2024-01-01 18:30:00', '2024-01-01 18:30:00'),
(408, 105, 3, 'What tech stack are you using?', 0, '00000', '2024-01-01 19:30:00', '2024-01-01 19:30:00');

-- Feed Likes
INSERT INTO feed_like (feed_like_id, feed_id, user_id, created_at, updated_at) VALUES
(501, 102, 1, '2024-01-01 15:30:00', '2024-01-01 15:30:00'),
(502, 101, 3, '2024-01-01 15:45:00', '2024-01-01 15:45:00'),
(503, 101, 4, '2024-01-01 16:00:00', '2024-01-01 16:00:00'),
(504, 101, 5, '2024-01-01 16:15:00', '2024-01-01 16:15:00'),
(505, 102, 3, '2024-01-01 16:45:00', '2024-01-01 16:45:00'),
(506, 102, 4, '2024-01-01 17:00:00', '2024-01-01 17:00:00'),
(507, 103, 1, '2024-01-01 17:30:00', '2024-01-01 17:30:00'),
(508, 103, 2, '2024-01-01 17:45:00', '2024-01-01 17:45:00'),
(509, 104, 1, '2024-01-01 18:30:00', '2024-01-01 18:30:00'),
(510, 104, 2, '2024-01-01 18:45:00', '2024-01-01 18:45:00'),
(511, 104, 3, '2024-01-01 19:00:00', '2024-01-01 19:00:00'),
(512, 105, 1, '2024-01-01 19:30:00', '2024-01-01 19:30:00'),
(513, 105, 2, '2024-01-01 19:45:00', '2024-01-01 19:45:00'),
(514, 106, 2, '2024-01-02 09:30:00', '2024-01-02 09:30:00'),
(515, 107, 1, '2024-01-02 10:30:00', '2024-01-02 10:30:00'),
(516, 108, 1, '2024-01-02 11:30:00', '2024-01-02 11:30:00'),
(517, 108, 2, '2024-01-02 11:45:00', '2024-01-02 11:45:00');

-- Like Count
INSERT INTO like_count (feed_id, like_count,created_at, updated_at) VALUES
(101, 4,'2024-01-01 15:30:00', '2024-01-01 15:30:00'),
(102, 3,'2024-01-01 15:45:00', '2024-01-01 15:45:00'),
(103, 2,'2024-01-01 19:30:00', '2024-01-01 19:30:00'),
(104, 3, '2024-01-01 18:30:00', '2024-01-01 18:30:00'),
(105, 2, '2024-01-01 19:30:00', '2024-01-01 19:30:00'),
(106, 1, '2024-01-02 09:00:00', '2024-01-02 09:00:00'),
(107, 1, '2024-01-02 10:00:00', '2024-01-02 10:00:00'),
(108, 2, '2024-01-02 11:00:00', '2024-01-02 11:00:00');

